2022 年 2 月 21 日,0
2022 年 2 月 22 日,0
2022 年 2 月 23 日,0
2022 年 2 月 24 日,0
2022 年 2 月 25 日,0
2022 年 2 月 26 日,0
2022 年 2 月 27 日,0.08098205669065539
2022 年 2 月 28 日,0
2022 年 3 月 1 日,0
2022 年 3 月 2 日,0
2022 年 3 月 3 日,0
2022 年 3 月 4 日,0.08583333333333333
2022 年 3 月 5 日,0
2022 年 3 月 6 日,0
2022 年 3 月 7 日,0.08360573666696118
2022 年 3 月 8 日,0
2022 年 3 月 9 日,0
2022 年 3 月 10 日,0
2022 年 3 月 11 日,0
2022 年 3 月 12 日,0
2022 年 3 月 13 日,0
2022 年 3 月 14 日,0
2022 年 3 月 15 日,0
2022 年 3 月 16 日,0
2022 年 3 月 17 日,0
2022 年 3 月 18 日,0
2022 年 3 月 19 日,0
2022 年 3 月 20 日,0
2022 年 3 月 21 日,0.05941265941265942
2022 年 3 月 22 日,0
2022 年 3 月 23 日,0
2022 年 3 月 24 日,0.04090668590668591
2022 年 3 月 25 日,0
2022 年 3 月 26 日,0
2022 年 3 月 27 日,0
2022 年 3 月 28 日,0
2022 年 3 月 29 日,0
2022 年 3 月 30 日,0
2022 年 3 月 31 日,0
2022 年 4 月 1 日,0
2022 年 4 月 2 日,0.0062069917929292884
2022 年 4 月 3 日,0
2022 年 4 月 4 日,0
2022 年 4 月 5 日,0
2022 年 4 月 6 日,0
2022 年 4 月 7 日,0
2022 年 4 月 8 日,0
2022 年 4 月 9 日,0
2022 年 4 月 10 日,0
2022 年 4 月 11 日,0
2022 年 4 月 12 日,0.025572916666666664
2022 年 4 月 13 日,0
2022 年 4 月 14 日,0
2022 年 4 月 15 日,0
2022 年 4 月 16 日,0
2022 年 4 月 17 日,0
2022 年 4 月 18 日,0.05496185256823555
2022 年 4 月 19 日,0
2022 年 4 月 20 日,0
2022 年 4 月 21 日,0
2022 年 4 月 22 日,0
2022 年 4 月 23 日,0
2022 年 4 月 24 日,0
2022 年 4 月 25 日,0
2022 年 4 月 26 日,0
2022 年 4 月 27 日,0
2022 年 4 月 28 日,0
2022 年 4 月 29 日,0
2022 年 4 月 30 日,0
2022 年 5 月 1 日,0
2022 年 5 月 2 日,0
2022 年 5 月 3 日,0
2022 年 5 月 4 日,0
2022 年 5 月 5 日,0
2022 年 5 月 6 日,0
2022 年 5 月 7 日,0
2022 年 5 月 8 日,0
2022 年 5 月 9 日,0
2022 年 5 月 10 日,0.05648148148148146
2022 年 5 月 11 日,0
2022 年 5 月 12 日,0
2022 年 5 月 13 日,0
2022 年 5 月 14 日,0
2022 年 5 月 15 日,0
2022 年 5 月 16 日,0
2022 年 5 月 17 日,0
2022 年 5 月 18 日,0
2022 年 5 月 19 日,0
2022 年 5 月 20 日,0
2022 年 5 月 21 日,0
2022 年 5 月 22 日,0
2022 年 5 月 23 日,0
2022 年 5 月 24 日,0
2022 年 5 月 25 日,0
2022 年 5 月 26 日,0
2022 年 5 月 27 日,0
2022 年 5 月 28 日,0
2022 年 5 月 29 日,0
2022 年 5 月 30 日,0
2022 年 5 月 31 日,0
2022 年 6 月 1 日,0
2022 年 6 月 2 日,0
2022 年 6 月 3 日,0
2022 年 6 月 4 日,0
2022 年 6 月 5 日,0
2022 年 6 月 6 日,0
2022 年 6 月 7 日,0
2022 年 6 月 8 日,0
2022 年 6 月 9 日,0
2022 年 6 月 10 日,0
2022 年 6 月 11 日,0
2022 年 6 月 12 日,0
2022 年 6 月 13 日,0
2022 年 6 月 14 日,0
2022 年 6 月 15 日,0
2022 年 6 月 16 日,0
2022 年 6 月 17 日,0
2022 年 6 月 18 日,0
2022 年 6 月 19 日,0
2022 年 6 月 20 日,0
2022 年 6 月 21 日,0
2022 年 6 月 22 日,0
2022 年 6 月 23 日,0
2022 年 6 月 24 日,0
2022 年 6 月 25 日,0
2022 年 6 月 26 日,0
2022 年 6 月 27 日,0
2022 年 6 月 28 日,0
2022 年 6 月 29 日,0.055742590742590754
2022 年 6 月 30 日,0
2022 年 7 月 1 日,0
2022 年 7 月 2 日,0
2022 年 7 月 3 日,0
2022 年 7 月 4 日,0
2022 年 7 月 5 日,0
2022 年 7 月 6 日,0
2022 年 7 月 7 日,0
2022 年 7 月 8 日,0
2022 年 7 月 9 日,0
2022 年 7 月 10 日,0
2022 年 7 月 11 日,0
2022 年 7 月 12 日,0
2022 年 7 月 13 日,0
2022 年 7 月 14 日,0
2022 年 7 月 15 日,0
2022 年 7 月 16 日,0
2022 年 7 月 17 日,0
2022 年 7 月 18 日,0
2022 年 7 月 19 日,0
2022 年 7 月 20 日,0
2022 年 7 月 21 日,0
2022 年 7 月 22 日,0
2022 年 7 月 23 日,0
2022 年 7 月 24 日,0
2022 年 7 月 25 日,0
2022 年 7 月 26 日,0
2022 年 7 月 27 日,0
2022 年 7 月 28 日,0
2022 年 7 月 29 日,0
2022 年 7 月 30 日,0
2022 年 7 月 31 日,0
2022 年 8 月 1 日,0
2022 年 8 月 2 日,0
2022 年 8 月 3 日,0
2022 年 8 月 4 日,0
2022 年 8 月 5 日,0
2022 年 8 月 6 日,0
2022 年 8 月 7 日,0
2022 年 8 月 8 日,0
2022 年 8 月 9 日,0
2022 年 8 月 10 日,0
2022 年 8 月 11 日,0
2022 年 8 月 12 日,0
2022 年 8 月 13 日,0
2022 年 8 月 14 日,0
2022 年 8 月 15 日,0
2022 年 8 月 16 日,0
2022 年 8 月 17 日,0
2022 年 8 月 18 日,0
2022 年 8 月 19 日,0
2022 年 8 月 20 日,0
2022 年 8 月 21 日,0
2022 年 8 月 22 日,0.09432973393647551
2022 年 8 月 23 日,0
2022 年 8 月 24 日,0
2022 年 8 月 25 日,0
2022 年 8 月 26 日,0
2022 年 8 月 27 日,0
2022 年 8 月 28 日,0
2022 年 8 月 29 日,0
2022 年 8 月 30 日,0
2022 年 8 月 31 日,0.09536495911495911
2022 年 9 月 1 日,0
2022 年 9 月 2 日,0
2022 年 9 月 3 日,0
2022 年 9 月 4 日,0
2022 年 9 月 5 日,0
2022 年 9 月 6 日,0
2022 年 9 月 7 日,0
2022 年 9 月 8 日,0
2022 年 9 月 9 日,0
2022 年 9 月 10 日,0
2022 年 9 月 11 日,0
2022 年 9 月 12 日,0
2022 年 9 月 13 日,0
2022 年 9 月 14 日,0
2022 年 9 月 15 日,0
2022 年 9 月 16 日,0
2022 年 9 月 17 日,0
2022 年 9 月 18 日,0
2022 年 9 月 19 日,0
2022 年 9 月 20 日,0
2022 年 9 月 21 日,0
2022 年 9 月 22 日,0
2022 年 9 月 23 日,0
2022 年 9 月 24 日,0
2022 年 9 月 25 日,0
2022 年 9 月 26 日,0
2022 年 9 月 27 日,0
2022 年 9 月 28 日,0
2022 年 9 月 29 日,0
2022 年 9 月 30 日,0
2022 年 10 月 1 日,0
2022 年 10 月 2 日,0
2022 年 10 月 3 日,0
2022 年 10 月 4 日,0
2022 年 10 月 5 日,0
2022 年 10 月 6 日,0
2022 年 10 月 7 日,0
2022 年 10 月 8 日,0
2022 年 10 月 9 日,0
2022 年 10 月 10 日,0
2022 年 10 月 11 日,0
2022 年 10 月 12 日,0
2022 年 10 月 13 日,0
2022 年 10 月 14 日,0
2022 年 10 月 15 日,0
2022 年 10 月 16 日,0
2022 年 10 月 17 日,0
2022 年 10 月 18 日,0
2022 年 10 月 19 日,0
2022 年 10 月 20 日,0
2022 年 10 月 21 日,0
2022 年 10 月 22 日,0
2022 年 10 月 23 日,0
2022 年 10 月 24 日,0
2022 年 10 月 25 日,0
2022 年 10 月 26 日,0
2022 年 10 月 27 日,0
2022 年 10 月 28 日,0
2022 年 10 月 29 日,0
2022 年 10 月 30 日,0
2022 年 10 月 31 日,0
2022 年 11 月 1 日,0
2022 年 11 月 2 日,0
2022 年 11 月 3 日,0
2022 年 11 月 4 日,0
2022 年 11 月 5 日,0
2022 年 11 月 6 日,0
2022 年 11 月 7 日,0
2022 年 11 月 8 日,0
2022 年 11 月 9 日,0
2022 年 11 月 10 日,0
2022 年 11 月 11 日,0
2022 年 11 月 12 日,0
2022 年 11 月 13 日,0
2022 年 11 月 14 日,0
2022 年 11 月 15 日,0
2022 年 11 月 16 日,0
2022 年 11 月 17 日,0
2022 年 11 月 18 日,0
2022 年 11 月 19 日,0
2022 年 11 月 20 日,0
2022 年 11 月 21 日,0
2022 年 11 月 22 日,0.030310408885776536
2022 年 11 月 23 日,0.018323732718894013
2022 年 11 月 24 日,0
2022 年 11 月 25 日,0
2022 年 11 月 26 日,0
2022 年 11 月 27 日,0
2022 年 11 月 28 日,0
2022 年 11 月 29 日,0
2022 年 11 月 30 日,0
2022 年 12 月 1 日,0
2022 年 12 月 2 日,0
2022 年 12 月 3 日,0
2022 年 12 月 4 日,0
2022 年 12 月 5 日,0
2022 年 12 月 6 日,0
2022 年 12 月 7 日,0
2022 年 12 月 8 日,0
2022 年 12 月 9 日,0
2022 年 12 月 10 日,0
2022 年 12 月 11 日,0
2022 年 12 月 12 日,0
2022 年 12 月 13 日,0
2022 年 12 月 14 日,0
2022 年 12 月 15 日,0
2022 年 12 月 16 日,0
2022 年 12 月 17 日,0
2022 年 12 月 18 日,0
2022 年 12 月 19 日,0
2022 年 12 月 20 日,0
2022 年 12 月 21 日,0
2022 年 12 月 22 日,0
2022 年 12 月 23 日,0
2022 年 12 月 24 日,0.07720125786163524
2022 年 12 月 25 日,0
2022 年 12 月 26 日,0
2022 年 12 月 27 日,0
2022 年 12 月 28 日,0
2022 年 12 月 29 日,0
2022 年 12 月 30 日,0
2022 年 12 月 31 日,0
2023 年 1 月 1 日,0
2023 年 1 月 2 日,0
2023 年 1 月 3 日,0
2023 年 1 月 4 日,0
2023 年 1 月 5 日,0
2023 年 1 月 6 日,0
2023 年 1 月 7 日,0
2023 年 1 月 8 日,0
2023 年 1 月 9 日,0
2023 年 1 月 10 日,0
2023 年 1 月 11 日,0
2023 年 1 月 12 日,0
2023 年 1 月 13 日,0
2023 年 1 月 14 日,0
2023 年 1 月 15 日,0
2023 年 1 月 16 日,0
2023 年 1 月 17 日,0
2023 年 1 月 18 日,0
2023 年 1 月 19 日,0
2023 年 1 月 20 日,0
2023 年 1 月 21 日,0
2023 年 1 月 22 日,0
2023 年 1 月 23 日,0
2023 年 1 月 24 日,0
2023 年 1 月 25 日,0
2023 年 1 月 26 日,0
2023 年 1 月 27 日,0
2023 年 1 月 28 日,0
2023 年 1 月 29 日,0
2023 年 1 月 30 日,0
2023 年 1 月 31 日,0
2023 年 2 月 1 日,0
2023 年 2 月 2 日,0
2023 年 2 月 3 日,0
2023 年 2 月 4 日,0
2023 年 2 月 5 日,0
2023 年 2 月 6 日,0
2023 年 2 月 7 日,0
2023 年 2 月 8 日,0
2023 年 2 月 9 日,0
2023 年 2 月 10 日,0
2023 年 2 月 11 日,0
2023 年 2 月 12 日,0
2023 年 2 月 13 日,0
2023 年 2 月 14 日,0
2023 年 2 月 15 日,0.07844133297258297
2023 年 2 月 16 日,0
2023 年 2 月 17 日,0
2023 年 2 月 18 日,0
2023 年 2 月 19 日,0
2023 年 2 月 20 日,0
2023 年 2 月 21 日,0
2023 年 2 月 22 日,0
2023 年 2 月 23 日,0.0012500000000000011
2023 年 2 月 24 日,0
2023 年 2 月 25 日,0
2023 年 2 月 26 日,0
2023 年 2 月 27 日,0
2023 年 2 月 28 日,0
2023 年 3 月 1 日,0
2023 年 3 月 2 日,0
2023 年 3 月 3 日,0
2023 年 3 月 4 日,0
2023 年 3 月 5 日,0
2023 年 3 月 6 日,0
2023 年 3 月 7 日,0
2023 年 3 月 8 日,0
2023 年 3 月 9 日,0
2023 年 3 月 10 日,0
2023 年 3 月 11 日,0
2023 年 3 月 12 日,0
2023 年 3 月 13 日,0
2023 年 3 月 14 日,0
2023 年 3 月 15 日,0
2023 年 3 月 16 日,0
2023 年 3 月 17 日,0
2023 年 3 月 18 日,0
2023 年 3 月 19 日,0
2023 年 3 月 20 日,0
2023 年 3 月 21 日,0
2023 年 3 月 22 日,0
2023 年 3 月 23 日,0
2023 年 3 月 24 日,0
2023 年 3 月 25 日,0
2023 年 3 月 26 日,0
2023 年 3 月 27 日,0
2023 年 3 月 28 日,0
2023 年 3 月 29 日,0
2023 年 3 月 30 日,0
2023 年 3 月 31 日,0
2023 年 4 月 1 日,0
2023 年 4 月 2 日,0
2023 年 4 月 3 日,0
2023 年 4 月 4 日,0
2023 年 4 月 5 日,0
2023 年 4 月 6 日,0
2023 年 4 月 7 日,0
2023 年 4 月 8 日,0
2023 年 4 月 9 日,0
2023 年 4 月 10 日,0
2023 年 4 月 11 日,0
2023 年 4 月 12 日,0
2023 年 4 月 13 日,0
2023 年 4 月 14 日,0
2023 年 4 月 15 日,0
2023 年 4 月 16 日,0
2023 年 4 月 17 日,0
2023 年 4 月 18 日,0
2023 年 4 月 19 日,0
2023 年 4 月 20 日,0
2023 年 4 月 21 日,0
2023 年 4 月 22 日,0
2023 年 4 月 23 日,0
2023 年 4 月 24 日,0
2023 年 4 月 25 日,0
2023 年 4 月 26 日,0
2023 年 4 月 27 日,0
2023 年 4 月 28 日,0
2023 年 4 月 29 日,0
2023 年 4 月 30 日,0
2023 年 5 月 1 日,0
2023 年 5 月 2 日,0
2023 年 5 月 3 日,0
2023 年 5 月 4 日,0
2023 年 5 月 5 日,0
2023 年 5 月 6 日,0
2023 年 5 月 7 日,0
2023 年 5 月 8 日,0
2023 年 5 月 9 日,0
2023 年 5 月 10 日,0
2023 年 5 月 11 日,0
2023 年 5 月 12 日,0
2023 年 5 月 13 日,0
2023 年 5 月 14 日,0
2023 年 5 月 15 日,0
2023 年 5 月 16 日,0
2023 年 5 月 17 日,0
2023 年 5 月 18 日,0
2023 年 5 月 19 日,0
2023 年 5 月 20 日,0
2023 年 5 月 21 日,0
2023 年 5 月 22 日,0
2023 年 5 月 23 日,0
2023 年 5 月 24 日,0
2023 年 5 月 25 日,0
2023 年 5 月 26 日,0
2023 年 5 月 27 日,0
2023 年 5 月 28 日,0
2023 年 5 月 29 日,0
2023 年 5 月 30 日,0
2023 年 5 月 31 日,0
2023 年 6 月 1 日,0
2023 年 6 月 2 日,0
2023 年 6 月 3 日,0
2023 年 6 月 4 日,0
2023 年 6 月 5 日,0
2023 年 6 月 6 日,0
2023 年 6 月 7 日,0
2023 年 6 月 8 日,0
2023 年 6 月 9 日,0
2023 年 6 月 10 日,0
2023 年 6 月 11 日,0
2023 年 6 月 12 日,0
2023 年 6 月 13 日,0
2023 年 6 月 14 日,0
2023 年 6 月 15 日,0
2023 年 6 月 16 日,0
2023 年 6 月 17 日,0
2023 年 6 月 18 日,0
2023 年 6 月 19 日,0
2023 年 6 月 20 日,0
2023 年 6 月 21 日,0
2023 年 6 月 22 日,0
2023 年 6 月 23 日,0
2023 年 6 月 24 日,0
2023 年 6 月 25 日,0
2023 年 6 月 26 日,0
2023 年 6 月 27 日,0
2023 年 6 月 28 日,0
2023 年 6 月 29 日,0
2023 年 6 月 30 日,0
2023 年 7 月 1 日,0
2023 年 7 月 2 日,0
2023 年 7 月 3 日,0
2023 年 7 月 4 日,0
2023 年 7 月 5 日,0
2023 年 7 月 6 日,0
2023 年 7 月 7 日,0
2023 年 7 月 8 日,0
2023 年 7 月 9 日,0
2023 年 7 月 10 日,0
2023 年 7 月 11 日,0
2023 年 7 月 12 日,0
2023 年 7 月 13 日,0
2023 年 7 月 14 日,0
2023 年 7 月 15 日,0
2023 年 7 月 16 日,0
2023 年 7 月 17 日,0
2023 年 7 月 18 日,0
2023 年 7 月 19 日,0
2023 年 7 月 20 日,0
2023 年 7 月 21 日,0
2023 年 7 月 22 日,0
2023 年 7 月 23 日,0
2023 年 7 月 24 日,0
2023 年 7 月 25 日,0
2023 年 7 月 26 日,0
2023 年 7 月 27 日,0
2023 年 7 月 28 日,0
2023 年 7 月 29 日,0
2023 年 7 月 30 日,0
2023 年 7 月 31 日,0
2023 年 8 月 1 日,0
2023 年 8 月 2 日,0
2023 年 8 月 3 日,0
2023 年 8 月 4 日,0
2023 年 8 月 5 日,0
2023 年 8 月 6 日,0
2023 年 8 月 7 日,0
2023 年 8 月 8 日,0
2023 年 8 月 9 日,0
2023 年 8 月 10 日,0
2023 年 8 月 11 日,0
2023 年 8 月 12 日,0
2023 年 8 月 13 日,0
2023 年 8 月 14 日,0
2023 年 8 月 15 日,0
2023 年 8 月 16 日,0
2023 年 8 月 17 日,0
2023 年 8 月 18 日,0
2023 年 8 月 19 日,0
2023 年 8 月 20 日,0
2023 年 8 月 21 日,0
2023 年 8 月 22 日,0
2023 年 8 月 23 日,0
2023 年 8 月 24 日,0
2023 年 8 月 25 日,0
2023 年 8 月 26 日,0
2023 年 8 月 27 日,0
2023 年 8 月 28 日,0
2023 年 8 月 29 日,0
2023 年 8 月 30 日,0
2023 年 8 月 31 日,0
2023 年 9 月 1 日,0
2023 年 9 月 2 日,0
2023 年 9 月 3 日,0
2023 年 9 月 4 日,0
2023 年 9 月 5 日,0
2023 年 9 月 6 日,0
2023 年 9 月 7 日,0
2023 年 9 月 8 日,0
2023 年 9 月 9 日,0
2023 年 9 月 10 日,0
2023 年 9 月 11 日,0
2023 年 9 月 12 日,0
2023 年 9 月 13 日,0
2023 年 9 月 14 日,0
2023 年 9 月 15 日,0
2023 年 9 月 16 日,0
2023 年 9 月 17 日,0
2023 年 9 月 18 日,0
2023 年 9 月 19 日,0
2023 年 9 月 20 日,0
2023 年 9 月 21 日,0
2023 年 9 月 22 日,0
2023 年 9 月 23 日,0
2023 年 9 月 24 日,0
2023 年 9 月 25 日,0
2023 年 9 月 26 日,0
2023 年 9 月 27 日,0
2023 年 9 月 28 日,0
2023 年 9 月 29 日,0
2023 年 9 月 30 日,0
2023 年 10 月 1 日,0
2023 年 10 月 2 日,0
2023 年 10 月 3 日,0
2023 年 10 月 4 日,0
2023 年 10 月 5 日,0
2023 年 10 月 6 日,0
2023 年 10 月 7 日,0
2023 年 10 月 8 日,0
2023 年 10 月 9 日,0
2023 年 10 月 10 日,0
2023 年 10 月 11 日,0
2023 年 10 月 12 日,0
2023 年 10 月 13 日,0
2023 年 10 月 14 日,0
2023 年 10 月 15 日,0
2023 年 10 月 16 日,0
2023 年 10 月 17 日,0
2023 年 10 月 18 日,0
2023 年 10 月 19 日,0
2023 年 10 月 20 日,0
2023 年 10 月 21 日,0
2023 年 10 月 22 日,0
2023 年 10 月 23 日,0
2023 年 10 月 24 日,0
2023 年 10 月 25 日,0.025340136054421775
2023 年 10 月 26 日,0
2023 年 10 月 27 日,0
2023 年 10 月 28 日,0
2023 年 10 月 29 日,0
2023 年 10 月 30 日,0
2023 年 10 月 31 日,0
2023 年 11 月 1 日,0
2023 年 11 月 2 日,0
2023 年 11 月 3 日,0
2023 年 11 月 4 日,0
2023 年 11 月 5 日,0
2023 年 11 月 6 日,0
2023 年 11 月 7 日,0
2023 年 11 月 8 日,0
2023 年 11 月 9 日,0
2023 年 11 月 10 日,0
2023 年 11 月 11 日,0
2023 年 11 月 12 日,0
2023 年 11 月 13 日,0
2023 年 11 月 14 日,0
2023 年 11 月 15 日,0
2023 年 11 月 16 日,0
2023 年 11 月 17 日,0
2023 年 11 月 18 日,0
2023 年 11 月 19 日,0
2023 年 11 月 20 日,0
2023 年 11 月 21 日,0
2023 年 11 月 22 日,0
2023 年 11 月 23 日,0
2023 年 11 月 24 日,0
2023 年 11 月 25 日,0
2023 年 11 月 26 日,0
2023 年 11 月 27 日,0
2023 年 11 月 28 日,0
2023 年 11 月 29 日,0
2023 年 11 月 30 日,0
2023 年 12 月 1 日,0
2023 年 12 月 2 日,0
2023 年 12 月 3 日,0
2023 年 12 月 4 日,0
2023 年 12 月 5 日,0
2023 年 12 月 6 日,0
2023 年 12 月 7 日,0
2023 年 12 月 8 日,0
2023 年 12 月 9 日,0
2023 年 12 月 10 日,0
2023 年 12 月 11 日,0
2023 年 12 月 12 日,0
2023 年 12 月 13 日,0
2023 年 12 月 14 日,0
2023 年 12 月 15 日,0
2023 年 12 月 16 日,0
2023 年 12 月 17 日,0
2023 年 12 月 18 日,0
2023 年 12 月 19 日,0
2023 年 12 月 20 日,0
2023 年 12 月 21 日,0.1635778635778636
2023 年 12 月 22 日,0
2023 年 12 月 23 日,0
2023 年 12 月 24 日,0
2023 年 12 月 25 日,0
2023 年 12 月 26 日,0
2023 年 12 月 27 日,0
2023 年 12 月 28 日,0
2023 年 12 月 29 日,0
2023 年 12 月 30 日,0
2023 年 12 月 31 日,0
2024 年 1 月 1 日,0
2024 年 1 月 2 日,0
2024 年 1 月 3 日,0
2024 年 1 月 4 日,0
2024 年 1 月 5 日,0
2024 年 1 月 6 日,0
2024 年 1 月 7 日,0
2024 年 1 月 8 日,0
2024 年 1 月 9 日,0
2024 年 1 月 10 日,0
2024 年 1 月 11 日,0
2024 年 1 月 12 日,0
2024 年 1 月 13 日,0
2024 年 1 月 14 日,0
2024 年 1 月 15 日,0
2024 年 1 月 16 日,0
2024 年 1 月 17 日,0
2024 年 1 月 18 日,0
2024 年 1 月 19 日,0
2024 年 1 月 20 日,0
2024 年 1 月 21 日,0
2024 年 1 月 22 日,0
2024 年 1 月 23 日,0
2024 年 1 月 24 日,0
2024 年 1 月 25 日,0
2024 年 1 月 26 日,0
2024 年 1 月 27 日,0
2024 年 1 月 28 日,0
2024 年 1 月 29 日,0
2024 年 1 月 30 日,0
2024 年 1 月 31 日,0
2024 年 2 月 1 日,0
2024 年 2 月 2 日,0
2024 年 2 月 3 日,0
2024 年 2 月 4 日,0
2024 年 2 月 5 日,0
2024 年 2 月 6 日,0
2024 年 2 月 7 日,0
2024 年 2 月 8 日,0
2024 年 2 月 9 日,0
2024 年 2 月 10 日,0
2024 年 2 月 11 日,0
2024 年 2 月 12 日,0
2024 年 2 月 13 日,0
2024 年 2 月 14 日,0
2024 年 2 月 15 日,0
2024 年 2 月 16 日,0
2024 年 2 月 17 日,0
2024 年 2 月 18 日,0
2024 年 2 月 19 日,0
2024 年 2 月 20 日,0
2024 年 2 月 21 日,0
2024 年 2 月 22 日,0
2024 年 2 月 23 日,0.11169709033751248
2024 年 2 月 24 日,0
2024 年 2 月 25 日,0
2024 年 2 月 26 日,0
2024 年 2 月 27 日,0
2024 年 2 月 28 日,0
2024 年 2 月 29 日,0
